<?xml version="1.0" encoding="UTF-8" standalone="no"?>
<oneoff_actions>
    <oracle.ids.core opt_req="O" symbol="ids.symbol" version="12.2.1.4.0">
        <jar backup_in_zip="false" class_name="modules/oracle.igf/identitydirectory.jar/oracle/igf/ids/LDAPConnectionException.class" name="identitydirectory.jar" path="%ORACLE_HOME%/%SYMBOL%/modules/oracle.igf" shaolue="7F56D5CE1B3B645F7085E45C72DB7E0BB6693473"/>
        <jar backup_in_zip="false" class_name="modules/oracle.igf/identitydirectory.jar/oracle/igf/ids/SearchFilter$1.class" name="identitydirectory.jar" path="%ORACLE_HOME%/%SYMBOL%/modules/oracle.igf" shaolue="FA8DF133C933D540FCD3802EB5B1EC21722A1F21"/>
        <jar backup_in_zip="false" class_name="modules/oracle.igf/identitydirectory.jar/oracle/igf/ids/SearchFilter$LogicalOp.class" name="identitydirectory.jar" path="%ORACLE_HOME%/%SYMBOL%/modules/oracle.igf" shaolue="C03502513429AACEA267F2B05042C1D2C86EC1B4"/>
        <jar backup_in_zip="false" class_name="modules/oracle.igf/identitydirectory.jar/oracle/igf/ids/SearchFilter$Operator.class" name="identitydirectory.jar" path="%ORACLE_HOME%/%SYMBOL%/modules/oracle.igf" shaolue="F46C91D10DC73DD0FF4E9F11E9AD509FE4367392"/>
        <jar backup_in_zip="false" class_name="modules/oracle.igf/identitydirectory.jar/oracle/igf/ids/SearchFilter.class" name="identitydirectory.jar" path="%ORACLE_HOME%/%SYMBOL%/modules/oracle.igf" shaolue="63ED0CA9F1755EA0F769AD799A4FC8C780F39F9F"/>
        <jar backup_in_zip="false" class_name="modules/oracle.igf/identitydirectory.jar/oracle/igf/ids/arisid/ArisIdServiceManager$1.class" name="identitydirectory.jar" path="%ORACLE_HOME%/%SYMBOL%/modules/oracle.igf" shaolue="BCEB189D20D5601F0FB69AD773551A4A0D194319"/>
        <jar backup_in_zip="false" class_name="modules/oracle.igf/identitydirectory.jar/oracle/igf/ids/arisid/ArisIdServiceManager$2.class" name="identitydirectory.jar" path="%ORACLE_HOME%/%SYMBOL%/modules/oracle.igf" shaolue="61384962523400F177333AF4FE56C787E2F1E7F3"/>
        <jar backup_in_zip="false" class_name="modules/oracle.igf/identitydirectory.jar/oracle/igf/ids/arisid/ArisIdServiceManager$3.class" name="identitydirectory.jar" path="%ORACLE_HOME%/%SYMBOL%/modules/oracle.igf" shaolue="84832EFD48933D4FE5176FD056CA107F0FC7BB9A"/>
        <jar backup_in_zip="false" class_name="modules/oracle.igf/identitydirectory.jar/oracle/igf/ids/arisid/ArisIdServiceManager$4.class" name="identitydirectory.jar" path="%ORACLE_HOME%/%SYMBOL%/modules/oracle.igf" shaolue="50177615CF33EF7C33A6EC9301BE711D3115076A"/>
        <jar backup_in_zip="false" class_name="modules/oracle.igf/identitydirectory.jar/oracle/igf/ids/arisid/ArisIdServiceManager$INT_TYPE.class" name="identitydirectory.jar" path="%ORACLE_HOME%/%SYMBOL%/modules/oracle.igf" shaolue="D0A0A48F3DB45140AF4AD207FFC352A58A8A8660"/>
        <jar backup_in_zip="false" class_name="modules/oracle.igf/identitydirectory.jar/oracle/igf/ids/arisid/ArisIdServiceManager.class" name="identitydirectory.jar" path="%ORACLE_HOME%/%SYMBOL%/modules/oracle.igf" shaolue="C03DFDC44B52BD71585B09F95B49E2136E086DAF"/>
        <jar backup_in_zip="false" class_name="modules/oracle.igf/identitydirectory.jar/oracle/igf/ids/arisid/ArisIdUtil.class" name="identitydirectory.jar" path="%ORACLE_HOME%/%SYMBOL%/modules/oracle.igf" shaolue="A47AE77CC6FDBDA7031E767FFC3080EA0DE00EB4"/>
        <jar backup_in_zip="false" class_name="modules/oracle.igf/arisId-stack-ovd.jar/com/oracle/ovd/arisid/OvdIdsStackProvider.class" name="arisId-stack-ovd.jar" path="%ORACLE_HOME%/%SYMBOL%/modules/oracle.igf" shaolue="586F35F3C622105A433289B0E600710543C6E089"/>
        <jar backup_in_zip="false" class_name="modules/oracle.igf/arisId-stack-ovd.jar/com/oracle/ovd/arisid/OvdMapper.class" name="arisId-stack-ovd.jar" path="%ORACLE_HOME%/%SYMBOL%/modules/oracle.igf" shaolue="EBB760C40D95A125EAAC05C2D8964E3629606F9E"/>
        <jar backup_in_zip="false" class_name="modules/oracle.igf/arisId-stack-ovd.jar/com/oracle/ovd/arisid/OvdStackUtil$AttrVal.class" name="arisId-stack-ovd.jar" path="%ORACLE_HOME%/%SYMBOL%/modules/oracle.igf" shaolue="05DE12C864F26B9C33E8C4E531A4215D635DA6F5"/>
        <jar backup_in_zip="false" class_name="modules/oracle.igf/arisId-stack-ovd.jar/com/oracle/ovd/arisid/OvdStackUtil.class" name="arisId-stack-ovd.jar" path="%ORACLE_HOME%/%SYMBOL%/modules/oracle.igf" shaolue="BABCB8BDB48C71FA1BA14214C491B6B7438A20B7"/>
        <jar backup_in_zip="false" class_name="modules/oracle.igf/arisId-stack-ovd.jar/com/oracle/ovd/arisid/mapper/IAttributeMapper.class" name="arisId-stack-ovd.jar" path="%ORACLE_HOME%/%SYMBOL%/modules/oracle.igf" shaolue="847E0B4C49406FE92870EBFEDF32B2AD9A31E4F6"/>
        <jar backup_in_zip="false" class_name="modules/oracle.igf/arisId-stack-ovd.jar/com/oracle/ovd/arisid/mapper/SimpleAttributeMapper.class" name="arisId-stack-ovd.jar" path="%ORACLE_HOME%/%SYMBOL%/modules/oracle.igf" shaolue="30F2C1A6F024B202C2E5C2154AD1B83023300367"/>
        <jar backup_in_zip="false" class_name="modules/oracle.ovd/ovd.jar/oracle/ods/virtualization/engine/backend/jndi/RemoteServer.class" name="ovd.jar" path="%ORACLE_HOME%/%SYMBOL%/modules/oracle.ovd" shaolue="A2ACC5896D6E7D3E3FF19135223130D50F20E485"/>
        <jar backup_in_zip="false" class_name="modules/oracle.ovd/ovd.jar/oracle/ods/virtualization/engine/util/ParseFilter.class" name="ovd.jar" path="%ORACLE_HOME%/%SYMBOL%/modules/oracle.ovd" shaolue="B31E5D09E121B8A8FB6680745173F035E5823D14"/>
    </oracle.ids.core>
</oneoff_actions>
