<?xml version="1.0" encoding="UTF-8" standalone="no"?>
<oneoff_inventory>
    <opack_version version="14.1.0.1.14"/>
    <patch_description>One-off</patch_description>
    <patch_id number="34065178"/>
    <minimum_opatch_version>13.9.4.0.0</minimum_opatch_version>
    <unique_patch_id>24731214</unique_patch_id>
    <cannot_autorollback>false</cannot_autorollback>
    <not_rollbackable>false</not_rollbackable>
    <date_of_patch day="13" month="Apr" time="17:28:19 hrs" year="2022" zone="PST8PDT"/>
    <base_bugs>
        <bug description="USERMANAGER CLASS THROWS GENERIC EXCEPTION IDSEXCEPTION WHEN LDAP SERVER IS DOWN" number="20812896"/>
        <bug description="LIBOVD 12C SPECIAL CHARACTER IN USERNAME FAILS TO LOCATE USER IN LDAP" number="32305678"/>
        <bug description="LIBOVD FAILS TO RETURN ENTRY FOR FEDERATED USER UNDER CERTAIN CONDITIONS." number="33368783"/>
        <bug description="AUTHZ CALL FAILS WHEN RDN HAS SPECIAL CHARACTER" number="33545965"/>
        <bug description="LIBOVD   SEEING JAVA.LANG.NULLPOINTEREXCEPTION IN OAM LOGS WITH LIBOVD MLR PATCH 33626315" number="33762450"/>
        <bug description="OAM CONSOLE LOGIN FAILS AFTER APPLYING 1.80.331 JDK ( APRIL JAVA CPU )" number="33903365"/>
    </base_bugs>
    <required_components>
        <component internal_name="oracle.ids.core" opt_req="O" version="12.2.1.4.0"/>
    </required_components>
    <os_platforms>
        <platform id="0" name="Generic Platform 1"/>
    </os_platforms>
    <executables/>
    <instance_shutdown>true</instance_shutdown>
    <instance_shutdown_message/>
    <online_rac_installable>false</online_rac_installable>
    <ojvm>false</ojvm>
    <run_as_root>false</run_as_root>
    <sql_migrate>false</sql_migrate>
    <wls_prereq_oneoffs/>
    <prereq_oneoffs/>
    <overlay_oneoffs/>
    <patch_type value="singleton"/>
    <patch_language value="en"/>
    <product_family value="fmw"/>
    <patching_model value="one-off"/>
    <auto>false</auto>
    <translatable>false</translatable>
    <application_dirs/>
    <patch_characteristics>
        <content_type value="generic"/>
    </patch_characteristics>
</oneoff_inventory>
