ADDRESSID;COMPANYNAME;ADDRESS1;ADDRESS2;ADDRESS3;CITY;STATE;POSTALCODE;COUNTRY
AU001;Oracle Australia;Riverside Corporate Park;4 Julius Avenue;;North Ryde;NSW;2113;AU
AU002;Oracle Australia;Level 14;300 Ann Street;;Brisbane;QLD;4000;AU
AU003;Oracle Australia;Level 5;417 St Kilda Road;;Melbourne;VIC;3000;AU
AU004;Oracle Australia;Level 19;25 Grenfell Street;;Adelaide;SA;5000;AU
AU005;Oracle Australia;Level 3;243 Northbourne Avenue;;Lyneham;ACT;2602;AU
AU006;Oracle Australia;Level 2;66 Kings Park Road;;West Perth;WA;6005;AU
BE001;Oracle Belgium Bvba;Medialaan, 50;1800 Vilvoorde;;Rpr Brussel;;;BE
BR001;Oracle Sao Paulo;Rua Dr. Jose Aureo Bustamante;455 - Villa Cordeiro;;Cep;Sao Paulo;04710-090;BR
CA001;Oracle Canada Ulc;100 Milverto Drive;;;Mississauga;ON;L5R 4H1;CA
DE001;Oracle Deutschland B.V. & Co.;Riesstra?E 25;;;M?Nchen;;80992;DE
FR001;Oracle En Ile De France;Si?Ge Social;15, Boulevard Charles De Gaulle;;Colombes;;92715;FR
FR002;Oracle En Ile De France;Agence Nord, Immeuble Eurosud;213, Boulevard De Turin;;Euralille;;59777;FR
FR003;Oracle En Ile De France;Agence Nord-Oust;11, Rue Arthur Iii;;Nantes;;44200;FR
FR004;Oracle En Ile De France;Agence Est;Tour Europe;20, Place Des Halles;Strasbourg;;67000;FR
GB001;Oracle Corporation UK Ltd.;Oracle Parkway;Thames Valley Park;;Reading;Berkshire;RG6 1RA;GB
GB002;Oracle Corporation UK Ltd.;Victoria House;15/27 Gloucester Street;;Belfast;;BT1 4LS;GB
GB003;Oracle Corporation UK Ltd.;Blythe Valley Park;Shirley;;Solihull;West Midlands;B90 8AD;GB
GB004;Oracle Corporation UK Ltd.;Tower Wharf;Cheese Lane;;Bristol;;BS2 0JJ;GB
GB005;Oracle Corporation UK Ltd.;2nd Floor, Block D, Richmond House;Lawnswood Business Park;Redvers Close;Leeds;;LS16 6RD;GB
GB006;Oracle Corporation UK Ltd.;Springfield;Blackness Road;;Linlithgow;;EH49 7LR;GB
GB007;Oracle Corporation UK Ltd.;One South Place;;;London;;EC2M 2RB;GB
GB008;Oracle Corporation UK Ltd.;Scotscroft;Towers Business Park;Didsbury;Manchester;;M20 2RY;GB
LU001;Oracle Luxembourg Sarl;89B Rue Pafebruch;L-8308 Capellen;;R.C. Luxembourg;Section B;76953;LU
US001;Oracle Corporation;500 Oracle Parkway;;;Redwood Shores;CA;94065;US
US002;Oracle Corporation;2501 Technology Circle;Suite 5;;Bentonville;AR;72712;US
US003;Oracle Corporation;2355 East Camelback Road;Suite 950;;Phoenix;AZ;85016;US
US004;Oracle Corporation;9070 South Rita Rd;Suite 1950;;Tucson;AZ;85747;US
US005;Oracle Corporation;5750 Hannum Avenue;Suite 200;;Culver City;CA;90230;US
US006;Oracle Corporation;200 N. Sepulveda Blvd.;Suite 400;;El Segundo;CA;90245;US
US007;Oracle Corporation;15760 Ventura Blvd.;Suite 1400;;Encino;CA;91436;US
US008;Oracle Corporation;2320 E. Valencia Drive;;;Fullerton;CA;92831;US
US009;Oracle Corporation;17901 Von Karman Avenue;Suite 800;;Irvine;CA;92614;US
US010;Oracle Corporation;800 Royal Oaks Drive;;;Monrovia;CA;91016;US
US011;Oracle Corporation;5805 Owens Drive;;;Pleasanton;CA;94588;US
US012;Oracle Corporation;1001 Sunset Boulevard;;;Rocklin;CA;95765;US
US013;Oracle Corporation;Eastgate Technology Park (Main Building);9515 Towne Center Drive;;San Diego;CA;92121;US
US014;Oracle Corporation;Eastgate Technology Park;9525 Towne Center Drive;;San Diego;CA;92121;US
US015;Oracle Corporation;475 Sansome Street;15th Floor;;San Francisco;CA;94111;US
US016;Oracle Corporation;5450 Great America Parkway;;;Santa Clara;CA;95054;US
US017;Oracle Corporation;500 Eldorado Blvd.;;;Broomfield;CO;80021;US
US018;Oracle Corporation;1320 Oracle Blvd.;;;Colorado Springs;CO;80921;US
US019;Oracle Corporation;7604 Technology Way;;;Denver;CO;80237;US
US020;Oracle Corporation;900 Long Ridge Road;;;Stamford;CT;6902;US
US021;Oracle Corporation;550 West Cypress Creek Road;Suite 500;;Fort Lauderdale;FL;33309;US
US022;Oracle Corporation;7660 Centurion Parkway;Suite 100;;Jacksonville;FL;32256;US
US023;Oracle Corporation;6505 Blue Lagoon Drive;Suite 400;;Miami;FL;33126;US
US024;Oracle Corporation;Lakefront Building;7453 TG Lee Blvd.;;Orlando;FL;32822;US
US025;Oracle Corporation;1300 Concord Terrace;Suite 320;;Sunrise;FL;33323;US
US026;Oracle Corporation;2039 Centre Pointe Blvd.;Suite 204;;Tallahassee;FL;32308;US
US027;Oracle Corporation;2502 Rocky Point Drive;Suite 600;;Tampa;FL;33607;US
US028;Oracle Corporation;1100 Abernathy Road;Northpark Town Center, Bldg 500;Suite 1120;Atlanta;GA;30328;US
US029;Oracle Corporation;101 Marietta Street;Suite 1700;;Atlanta;GA;30303;US
US030;Oracle Corporation;250 South Fifth Street;Suite 830;;Boise;ID;83702;US
US031;Oracle Corporation;233 South Wacker Dr.;45th Floor;;Chicago;IL;60606;US
US032;Oracle Corporation;330 N. Wabash;24th Floor;;Chicago;IL;60611;US
US033;Oracle Corporation;Two Pierce Place;17th Floor;;Itasca;IL;60143;US
US034;Oracle Corporation;8777 Purdue Road;Suite 100;;Indianapolis;IN;46268;US
US035;Oracle Corporation;9 Corporate Woods;9200 Indian Creek Pkwy;Suite 560;Overland Park;KS;66210;US
US036;Oracle Corporation;2333 Alexandria Drive;;;Lexington;KY;40504;US
US037;Oracle Corporation;306 Sentinel Drive;Fourth Floor;;Annapolis Junction;MD;20701;US
US038;Oracle Corporation;7120 Samuel Morse Drive;Suite 150;;Columbia;MD;21046;US
US039;Oracle Corporation;One Beacon Street;4th Floor;;Boston;MA;2108;US
US040;Oracle Corporation;8 Van De Graaff Drive;;;Burlington;MA;1803;US
US041;Oracle Corporation;10 Van De Graaff Drive;;;Burlington;MA;1803;US
US042;Oracle Corporation;1050 Wilshire Drive;Suite 250;;Troy;MI;48084;US
US043;Oracle Corporation;8000 Norman Center Drive;Suite 700;;Bloomington;MN;55437;US
US044;Oracle Corporation;900 Second Avenue South;Suite 900;;Minneapolis;MN;55402;US
US045;Oracle Corporation;424 South Woods Mill Road;Suite 200;;Chesterfield;MO;63017;US
US046;Oracle Corporation;136 Enterprise Blvd.;;;Bozeman;MT;59718;US
US047;Oracle Corporation;77 Discovery Drive;;;Bozeman;MT;59718;US
US048;Oracle Corporation;40 Enterprise Blvd.;;;Bozeman;MT;59718;US
US049;Oracle Corporation;110 Enterprise Blvd.;;;Bozeman;MT;59718;US
US050;Oracle Corporation;11516 Miracle Hills Drive;Suite 101;;Omaha;NE;68154;US
US051;Oracle Corporation;One Oracle Drive;;;Nashua;NH;3062;US
US052;Oracle Corporation;400 Crossing Boulevard;6th Floor;;Bridgewater;NJ;8807;US
US053;Oracle Corporation;Metropolitan Center;1 Meadowlands Plaza;14th Floor;East Rutherford;NJ;7073;US
US054;Oracle Corporation;150 Allen Road;Suite 300;;Liberty Corner;NJ;7938;US
US055;Oracle Corporation;399 Thornall Street;Ou - 5th Floor;;Edison;NJ;8837;US
US056;Oracle Corporation;330 Fellowship Road;Suite 100;;Mt Laurel;NJ;8054;US
US057;Oracle Corporation;6565 Americas Parkway;Suite 200;;Albuquerque;NM;87110;US
US058;Oracle Corporation;7 Southwoods Boulevard;Suite 201;;Albany;NY;12211;US
US059;Oracle Corporation;120 Park Avenue;26th Floor;;New York;NY;10017;US
US060;Oracle Corporation;205 Lexington Ave;7th Floor;;New York;NY;10016;US
US061;Oracle Corporation;540 Madison Avenue;4th Floor;Ou - 3rd Floor;New York;NY;10022;US
US062;Oracle Corporation;330 Old Country Road;Suite 303;;Mineola;NY;11501;US
US063;Oracle Corporation;400 Linden Oaks;3rd Floor;;Rochester;NY;14625;US
US064;Oracle Corporation;560 White Plains Road;Suite 200;;Tarrytown;NY;10591;US
US065;Oracle Corporation;15800 John J. Delaney Drive;Suite 500;;Charlotte;NC;28277;US
US066;Oracle Corporation;Perimeter Park;5200 East & West Paramount Parkway;Suite 100;Morrisville;NC;27560;US
US067;Oracle Corporation;8081 Arco Corporate Drive;Suite 270;;Raleigh;NC;27617;US
US068;Oracle Corporation;9987 Carver Road;Suite 250;;Blue Ash;OH;45242;US
US069;Oracle Corporation;4 Summit Parkk Drive;Suite 350;;Independence;OH;44131;US
US070;Oracle Corporation;5650 Blazer Parkway;Suite 100;;Dublin;OH;43017;US
US071;Oracle Corporation;3610 Pentagon Boulevard;Suite 200;;Beavercreek;OH;45431;US
US072;Oracle Corporation;2420 NW Professional Dr;Suite 100;;Corvallis;OR;97330;US
US073;Oracle Corporation;1211 SW 5th Avenue;Suite 800;;Portland;OR;97204;US
US074;Oracle Corporation;3380 NW 215th Avenue;;;Hillsboro;OR;97124;US
US075;Oracle Corporation;3295 NW 211th Terrace;;;Hillsboro;OR;97124;US
US076;Oracle Corporation;3 Bala Plaza;Suite 700;;Bala Cynwyd;PD;19004;US
US077;Oracle Corporation;403 N. 2nd Street;;;Harrisburg;PA;17101;US
US078;Oracle Corporation;1550 Coraopolis Heights;Suite 400;;Moon Township;PA;15108;US
US079;Oracle Corporation;5 Tower Bridge;300 Barr Harbor Drive;Suite 400;West Conshohocken;PA;19428;US
US080;Oracle Corporation;57 Germantown Ct.;Suite 104;;Cordova;TN;38018;US
US081;Oracle Corporation;11401 Century Oaks Terrace;;;Austin;TX;78758;US
US082;Oracle Corporation;13915 N. Burnet Road;;;Austin;TX;78728;US
US083;Oracle Corporation;7700 West Parmer Lane;Building B;Suite 100;Austin;TX;78729;US
US084;Oracle Corporation;5300 Riata Park Court;Building B;;Austin;TX;78727;US
US085;Oracle Corporation;9600 North Mopac;Seventh Floor;;Austin;TX;78759;US
US086;Oracle Corporation;6031 Connection Drive;Suite 900;;Irving;TX;75039;US
US087;Oracle Corporation;Two Allen Center;1200 Smith St.;Suite 1500;Houston;TX;77002;US
US088;Oracle Corporation;7460 Warren Parkway;Suite 300;;Frisco;TX;75034;US
US089;Oracle Corporation;13750 San Pedro Rd.;Suite 270;;San Antonio;TX;78232;US
US090;Oracle Corporation;9350 South 150 East;Suite 600;;Sandy;UT;84070;US
US091;Oracle Corporation;1900 Oracle Way;;;Reston;VA;20190;US
US092;Oracle Corporation;1910 Oracle Way;;;Reston;VA;20190;US
US093;Oracle Corporation;West End Center;3900 Westerre Parkway;Suite 300;Richmond;VA;23233;US
US094;Oracle Corporation;1921 Gallows Road;Suite 200;;Vienna;VA;22182;US
US095;Oracle Corporation;411 108th Avenue Ne;Suite 900;;Bellevue;WA;98004;US
US096;Oracle Corporation;13890 Bishops Drive;Suite 450;;Brookfield;WI;53003;US
US097;Oracle Corporation;115 10th Avenue South;;;Onalaska;WI;54650;US
